-- phpMyAdmin SQL Dump
-- version 5.0.4
-- https://www.phpmyadmin.net/
--
-- Host: 127.0.0.1
-- Generation Time: Sep 17, 2021 at 06:40 AM
-- Server version: 10.4.14-MariaDB
-- PHP Version: 8.0.2

SET SQL_MODE = "NO_AUTO_VALUE_ON_ZERO";
START TRANSACTION;
SET time_zone = "+00:00";


/*!40101 SET @OLD_CHARACTER_SET_CLIENT=@@CHARACTER_SET_CLIENT */;
/*!40101 SET @OLD_CHARACTER_SET_RESULTS=@@CHARACTER_SET_RESULTS */;
/*!40101 SET @OLD_COLLATION_CONNECTION=@@COLLATION_CONNECTION */;
/*!40101 SET NAMES utf8mb4 */;

--
-- Database: `db_koranapp`
--

-- --------------------------------------------------------

--
-- Table structure for table `customers`
--

CREATE TABLE `customers` (
  `id_cust` bigint(20) UNSIGNED NOT NULL,
  `nama` varchar(255) COLLATE utf8mb4_unicode_ci NOT NULL,
  `alamat` varchar(255) COLLATE utf8mb4_unicode_ci NOT NULL,
  `phone` varchar(255) COLLATE utf8mb4_unicode_ci DEFAULT NULL,
  `email` varchar(255) COLLATE utf8mb4_unicode_ci DEFAULT NULL,
  `id_paket` bigint(20) NOT NULL,
  `val_id` varchar(255) COLLATE utf8mb4_unicode_ci NOT NULL DEFAULT '0',
  `tanggal_langganan` date DEFAULT NULL,
  `status_langganan` varchar(255) COLLATE utf8mb4_unicode_ci NOT NULL DEFAULT 'tidak',
  `prices` varchar(255) COLLATE utf8mb4_unicode_ci DEFAULT NULL,
  `created_at` timestamp NULL DEFAULT NULL,
  `updated_at` timestamp NULL DEFAULT NULL
) ENGINE=InnoDB DEFAULT CHARSET=utf8mb4 COLLATE=utf8mb4_unicode_ci;

--
-- Dumping data for table `customers`
--

INSERT INTO `customers` (`id_cust`, `nama`, `alamat`, `phone`, `email`, `id_paket`, `val_id`, `tanggal_langganan`, `status_langganan`, `prices`, `created_at`, `updated_at`) VALUES
(27, 'Dinkominfo Muba', 'jalan Kolonel Wahid Udin', '082133234529', 'tirtaselamet@gmail.com', 1, '1', '2021-07-20', 'aktif', '535700', '2021-07-26 02:57:40', '2021-07-26 17:20:48'),
(28, 'Kantor Bupati', 'Jalan Kolonel Wahid Udin', NULL, NULL, 1, '1', '2021-07-20', 'aktif', '11000', '2021-07-26 04:53:09', '2021-07-26 18:29:41'),
(29, 'Rumah Wakil Bupati', 'Jalan Dr. Slamet', '08213771351', 'andriani.jais@gmail.com', 1, '1', '2021-07-20', 'aktif', '15000', '2021-07-26 04:54:01', '2021-07-26 17:28:36'),
(30, 'Bag. Umum', 'Jalan Pramuka', '081298538856', 'hidayat.prakosa@gmail.com', 1, '1', '2021-07-20', 'aktif', '165000', '2021-07-26 04:54:59', '2021-07-26 06:02:09'),
(31, 'Sekda', 'Jalan Letnan Munandar', NULL, NULL, 1, '1', '2021-07-20', 'aktif', '11000', '2021-07-26 05:02:08', '2021-07-26 05:02:08'),
(32, 'Kantor DPRD', 'Jalan Kolonel Wahid Udin', NULL, NULL, 1, '1', '2021-07-20', 'aktif', '1621400', '2021-07-26 05:03:36', '2021-07-26 17:14:18'),
(34, 'Inggih Rembang Setyo', 'jl. faqih jalaluddin No.221', '0895636696490', 'prodankontra8@gmail.com', 1, '0', '2021-07-28', 'tidak', '103400', '2021-07-26 22:45:44', '2021-07-26 22:45:44'),
(35, 'Politeknik Negeri Sriwijaya', 'Jalan Rumah Bari Komplek Benteng', '0821329999', 'kontrapro3@gmail.com', 1, '1', '2021-07-20', 'aktif', '176000', '2021-07-26 22:48:56', '2021-07-26 22:49:31');

-- --------------------------------------------------------

--
-- Table structure for table `korans`
--

CREATE TABLE `korans` (
  `id_koran` bigint(20) UNSIGNED NOT NULL,
  `kode_koran` varchar(255) COLLATE utf8mb4_unicode_ci DEFAULT NULL,
  `nama_koran` varchar(255) COLLATE utf8mb4_unicode_ci DEFAULT NULL,
  `harga` varchar(255) COLLATE utf8mb4_unicode_ci DEFAULT NULL,
  `logo_brand` varchar(255) COLLATE utf8mb4_unicode_ci DEFAULT NULL,
  `created_at` timestamp NULL DEFAULT NULL,
  `updated_at` timestamp NULL DEFAULT NULL
) ENGINE=InnoDB DEFAULT CHARSET=utf8mb4 COLLATE=utf8mb4_unicode_ci;

--
-- Dumping data for table `korans`
--

INSERT INTO `korans` (`id_koran`, `kode_koran`, `nama_koran`, `harga`, `logo_brand`, `created_at`, `updated_at`) VALUES
(1, 'KRN001', 'Kompas', '1000', 'kompas.png', '2021-06-19 23:42:55', '2021-07-12 05:26:17'),
(2, 'KRN002', 'Sriwijaya Post', '700', 'sripost.png', '2021-06-19 23:42:55', '2021-06-19 23:42:55'),
(3, 'KRN003', 'Tribun', '600', 'tribun.png', '2021-06-19 23:42:55', '2021-06-19 23:42:55'),
(4, 'KRN004', 'Sumatera Express', '700', 'sumeks.png', '2021-06-19 23:42:55', '2021-06-19 23:42:55'),
(5, 'KRN005', 'Palembang POS', '600', 'palpos.png', '2021-06-19 23:42:55', '2021-06-19 23:42:55'),
(6, 'KRN006', 'HR. MUBA', '750', 'kompas.png', '2021-06-19 23:42:55', '2021-06-19 23:42:55'),
(7, 'KRN007', 'Radar', '650', 'radar.png', '2021-06-19 23:42:55', '2021-06-19 23:42:55'),
(8, 'KRN008', 'Palembang Express', '600', 'palpres.png', '2021-06-19 23:42:55', '2021-06-19 23:42:55'),
(9, 'KRN009', 'Media S', '500', 'palpres.png', '2021-06-19 23:42:55', '2021-06-19 23:42:55'),
(10, 'KRN010', 'Suara Nusantara', '500', 'suara_nusantara.png', '2021-06-19 23:42:55', '2021-06-19 23:42:55');

-- --------------------------------------------------------

--
-- Table structure for table `manage_korans`
--

CREATE TABLE `manage_korans` (
  `id` bigint(20) UNSIGNED NOT NULL,
  `id_koran` bigint(20) DEFAULT NULL,
  `id_input` varchar(255) COLLATE utf8mb4_unicode_ci DEFAULT NULL,
  `id_user` bigint(20) DEFAULT NULL,
  `koran_masuk` varchar(255) COLLATE utf8mb4_unicode_ci DEFAULT NULL,
  `koran_terkirim` varchar(255) COLLATE utf8mb4_unicode_ci DEFAULT NULL,
  `koran_sisa` varchar(255) COLLATE utf8mb4_unicode_ci DEFAULT NULL,
  `tanggal_masuk` date DEFAULT NULL,
  `created_at` timestamp NULL DEFAULT NULL,
  `updated_at` timestamp NULL DEFAULT NULL
) ENGINE=InnoDB DEFAULT CHARSET=utf8mb4 COLLATE=utf8mb4_unicode_ci;

--
-- Dumping data for table `manage_korans`
--

INSERT INTO `manage_korans` (`id`, `id_koran`, `id_input`, `id_user`, `koran_masuk`, `koran_terkirim`, `koran_sisa`, `tanggal_masuk`, `created_at`, `updated_at`) VALUES
(348, 1, '11111', 1, '55', '55', '0', '2021-06-01', '2021-07-26 19:10:37', '2021-07-26 19:10:37'),
(349, 2, '11111', 1, '70', '70', '0', '2021-06-01', '2021-07-26 19:10:37', '2021-07-26 19:10:37'),
(350, 3, '11111', 1, '45', '45', '0', '2021-06-01', '2021-07-26 19:10:37', '2021-07-26 19:10:37'),
(351, 4, '11111', 1, '139', '135', '4', '2021-06-01', '2021-07-26 19:10:37', '2021-07-26 19:10:37'),
(352, 5, '11111', 1, '9', '9', '0', '2021-06-01', '2021-07-26 19:10:37', '2021-07-26 19:10:37'),
(353, 6, '11111', 1, '80', '78', '2', '2021-06-01', '2021-07-26 19:10:37', '2021-07-26 19:10:37'),
(354, 7, '11111', 1, '25', '25', '0', '2021-06-01', '2021-07-26 19:10:37', '2021-07-26 19:10:37'),
(355, 8, '11111', 1, '36', '36', '0', '2021-06-01', '2021-07-26 19:10:37', '2021-07-26 19:10:37'),
(356, 9, '11111', 1, '90', '80', '10', '2021-06-01', '2021-07-26 19:10:37', '2021-07-26 19:10:37'),
(357, 10, '11111', 1, '50', '50', '0', '2021-06-01', '2021-07-26 19:10:37', '2021-07-26 19:10:37'),
(358, 1, '11112', 1, '55', '50', '5', '2021-06-02', '2021-07-26 19:10:37', '2021-07-26 19:10:37'),
(359, 2, '11112', 1, '70', '70', '0', '2021-06-02', '2021-07-26 19:10:37', '2021-07-26 19:10:37'),
(360, 3, '11112', 1, '45', '45', '0', '2021-06-02', '2021-07-26 19:10:37', '2021-07-26 19:10:37'),
(361, 4, '11112', 1, '139', '130', '9', '2021-06-02', '2021-07-26 19:10:37', '2021-07-26 19:10:37'),
(362, 5, '11112', 1, '9', '9', '0', '2021-06-02', '2021-07-26 19:10:37', '2021-07-26 19:10:37'),
(363, 6, '11112', 1, '80', '80', '0', '2021-06-02', '2021-07-26 19:10:37', '2021-07-26 19:10:37'),
(364, 7, '11112', 1, '25', '25', '0', '2021-06-02', '2021-07-26 19:10:37', '2021-07-26 19:10:37'),
(365, 8, '11112', 1, '36', '36', '0', '2021-06-02', '2021-07-26 19:10:37', '2021-07-26 19:10:37'),
(366, 9, '11112', 1, '90', '90', '0', '2021-06-02', '2021-07-26 19:10:37', '2021-07-26 19:10:37'),
(367, 10, '11112', 1, '50', '50', '0', '2021-06-02', '2021-07-26 19:10:37', '2021-07-26 19:10:37'),
(368, 1, '11113', 1, '55', '55', '0', '2021-06-03', '2021-07-26 19:10:37', '2021-07-26 19:10:37'),
(369, 2, '11113', 1, '70', '70', '0', '2021-06-03', '2021-07-26 19:10:37', '2021-07-26 19:10:37'),
(370, 3, '11113', 1, '45', '45', '0', '2021-06-03', '2021-07-26 19:10:37', '2021-07-26 19:10:37'),
(371, 4, '11113', 1, '139', '135', '4', '2021-06-03', '2021-07-26 19:10:37', '2021-07-26 19:10:37'),
(372, 5, '11113', 1, '9', '9', '0', '2021-06-03', '2021-07-26 19:10:37', '2021-07-26 19:10:37'),
(373, 6, '11113', 1, '80', '80', '0', '2021-06-03', '2021-07-26 19:10:37', '2021-07-26 19:10:37'),
(374, 7, '11113', 1, '25', '25', '0', '2021-06-03', '2021-07-26 19:10:37', '2021-07-26 19:10:37'),
(375, 8, '11113', 1, '36', '36', '0', '2021-06-03', '2021-07-26 19:10:37', '2021-07-26 19:10:37'),
(376, 9, '11113', 1, '90', '90', '0', '2021-06-03', '2021-07-26 19:10:37', '2021-07-26 19:10:37'),
(377, 10, '11113', 1, '50', '50', '0', '2021-06-03', '2021-07-26 19:10:37', '2021-07-26 19:10:37'),
(378, 1, '11114', 1, '55', '55', '0', '2021-06-04', '2021-07-26 19:10:37', '2021-07-26 19:10:37'),
(379, 2, '11114', 1, '70', '70', '0', '2021-06-04', '2021-07-26 19:10:37', '2021-07-26 19:10:37'),
(380, 3, '11114', 1, '45', '45', '0', '2021-06-04', '2021-07-26 19:10:37', '2021-07-26 19:10:37'),
(381, 4, '11114', 1, '139', '139', '0', '2021-06-04', '2021-07-26 19:10:37', '2021-07-26 19:10:37'),
(382, 5, '11114', 1, '9', '9', '0', '2021-06-04', '2021-07-26 19:10:37', '2021-07-26 19:10:37'),
(383, 6, '11114', 1, '80', '80', '0', '2021-06-04', '2021-07-26 19:10:37', '2021-07-26 19:10:37'),
(384, 7, '11114', 1, '25', '25', '0', '2021-06-04', '2021-07-26 19:10:37', '2021-07-26 19:10:37'),
(385, 8, '11114', 1, '36', '36', '0', '2021-06-04', '2021-07-26 19:10:37', '2021-07-26 19:10:37'),
(386, 9, '11114', 1, '90', '90', '0', '2021-06-04', '2021-07-26 19:10:37', '2021-07-26 19:10:37'),
(387, 10, '11114', 1, '50', '50', '0', '2021-06-04', '2021-07-26 19:10:37', '2021-07-26 19:10:37'),
(388, 1, '11115', 1, '55', '55', '0', '2021-06-05', '2021-07-26 19:10:37', '2021-07-26 19:10:37'),
(389, 2, '11115', 1, '70', '70', '0', '2021-06-05', '2021-07-26 19:10:37', '2021-07-26 19:10:37'),
(390, 3, '11115', 1, '45', '45', '0', '2021-06-05', '2021-07-26 19:10:37', '2021-07-26 19:10:37'),
(391, 4, '11115', 1, '139', '139', '0', '2021-06-05', '2021-07-26 19:10:37', '2021-07-26 19:10:37'),
(392, 5, '11115', 1, '9', '9', '0', '2021-06-05', '2021-07-26 19:10:37', '2021-07-26 19:10:37'),
(393, 6, '11115', 1, '80', '80', '0', '2021-06-05', '2021-07-26 19:10:37', '2021-07-26 19:10:37'),
(394, 7, '11115', 1, '25', '25', '0', '2021-06-05', '2021-07-26 19:10:37', '2021-07-26 19:10:37'),
(395, 8, '11115', 1, '36', '36', '0', '2021-06-05', '2021-07-26 19:10:37', '2021-07-26 19:10:37'),
(396, 9, '11115', 1, '0', '0', '0', '2021-06-05', '2021-07-26 19:10:37', '2021-07-26 19:10:37'),
(397, 10, '11115', 1, '0', '0', '0', '2021-06-05', '2021-07-26 19:10:37', '2021-07-26 19:10:37'),
(398, 1, '11116', 1, '15', '15', '0', '2021-06-06', '2021-07-26 19:10:37', '2021-07-26 19:10:37'),
(399, 2, '11116', 1, '24', '24', '0', '2021-06-06', '2021-07-26 19:10:37', '2021-07-26 19:10:37'),
(400, 3, '11116', 1, '15', '15', '0', '2021-06-06', '2021-07-26 19:10:37', '2021-07-26 19:10:37'),
(401, 4, '11116', 1, '75', '75', '0', '2021-06-06', '2021-07-26 19:10:37', '2021-07-26 19:10:37'),
(402, 5, '11116', 1, '0', '0', '0', '2021-06-06', '2021-07-26 19:10:37', '2021-07-26 19:10:37'),
(403, 6, '11116', 1, '0', '0', '0', '2021-06-06', '2021-07-26 19:10:37', '2021-07-26 19:10:37'),
(404, 7, '11116', 1, '0', '0', '0', '2021-06-06', '2021-07-26 19:10:37', '2021-07-26 19:10:37'),
(405, 8, '11116', 1, '0', '0', '0', '2021-06-06', '2021-07-26 19:10:37', '2021-07-26 19:10:37'),
(406, 9, '11116', 1, '0', '0', '0', '2021-06-06', '2021-07-26 19:10:37', '2021-07-26 19:10:37'),
(407, 10, '11116', 1, '0', '0', '0', '2021-06-06', '2021-07-26 19:10:37', '2021-07-26 19:10:37'),
(408, 1, '11117', 1, '15', '15', '0', '2021-06-07', '2021-07-26 19:10:37', '2021-07-26 19:10:37'),
(409, 2, '11117', 1, '24', '24', '0', '2021-06-07', '2021-07-26 19:10:37', '2021-07-26 19:10:37'),
(410, 3, '11117', 1, '15', '15', '0', '2021-06-07', '2021-07-26 19:10:37', '2021-07-26 19:10:37'),
(411, 4, '11117', 1, '75', '75', '0', '2021-06-07', '2021-07-26 19:10:37', '2021-07-26 19:10:37'),
(412, 5, '11117', 1, '0', '0', '0', '2021-06-07', '2021-07-26 19:10:37', '2021-07-26 19:10:37'),
(413, 6, '11117', 1, '0', '0', '0', '2021-06-07', '2021-07-26 19:10:37', '2021-07-26 19:10:37'),
(414, 7, '11117', 1, '0', '0', '0', '2021-06-07', '2021-07-26 19:10:37', '2021-07-26 19:10:37'),
(415, 8, '11117', 1, '0', '0', '0', '2021-06-07', '2021-07-26 19:10:37', '2021-07-26 19:10:37'),
(416, 9, '11117', 1, '0', '0', '0', '2021-06-07', '2021-07-26 19:10:37', '2021-07-26 19:10:37'),
(417, 10, '11117', 1, '0', '0', '0', '2021-06-07', '2021-07-26 19:10:37', '2021-07-26 19:10:37'),
(418, 1, '11118', 1, '55', '55', '0', '2021-06-08', '2021-07-26 19:10:37', '2021-07-26 19:10:37'),
(419, 2, '11118', 1, '70', '70', '0', '2021-06-08', '2021-07-26 19:10:37', '2021-07-26 19:10:37'),
(420, 3, '11118', 1, '45', '45', '0', '2021-06-08', '2021-07-26 19:10:37', '2021-07-26 19:10:37'),
(421, 4, '11118', 1, '139', '139', '0', '2021-06-08', '2021-07-26 19:10:37', '2021-07-26 19:10:37'),
(422, 5, '11118', 1, '9', '9', '0', '2021-06-08', '2021-07-26 19:10:37', '2021-07-26 19:10:37'),
(423, 6, '11118', 1, '80', '80', '0', '2021-06-08', '2021-07-26 19:10:37', '2021-07-26 19:10:37'),
(424, 7, '11118', 1, '25', '25', '0', '2021-06-08', '2021-07-26 19:10:37', '2021-07-26 19:10:37'),
(425, 8, '11118', 1, '36', '36', '0', '2021-06-08', '2021-07-26 19:10:37', '2021-07-26 19:10:37'),
(426, 9, '11118', 1, '90', '90', '0', '2021-06-08', '2021-07-26 19:10:37', '2021-07-26 19:10:37'),
(427, 10, '11118', 1, '50', '50', '0', '2021-06-08', '2021-07-26 19:10:37', '2021-07-26 19:10:37'),
(428, 1, '11119', 1, '55', '55', '0', '2021-06-09', '2021-07-26 19:10:37', '2021-07-26 19:10:37'),
(429, 2, '11119', 1, '65', '65', '0', '2021-06-09', '2021-07-26 19:10:37', '2021-07-26 19:10:37'),
(430, 3, '11119', 1, '45', '45', '0', '2021-06-09', '2021-07-26 19:10:37', '2021-07-26 19:10:37'),
(431, 4, '11119', 1, '139', '139', '0', '2021-06-09', '2021-07-26 19:10:37', '2021-07-26 19:10:37'),
(432, 5, '11119', 1, '9', '9', '0', '2021-06-09', '2021-07-26 19:10:37', '2021-07-26 19:10:37'),
(433, 6, '11119', 1, '80', '80', '0', '2021-06-09', '2021-07-26 19:10:37', '2021-07-26 19:10:37'),
(434, 7, '11119', 1, '25', '25', '0', '2021-06-09', '2021-07-26 19:10:37', '2021-07-26 19:10:37'),
(435, 8, '11119', 1, '36', '36', '0', '2021-06-09', '2021-07-26 19:10:37', '2021-07-26 19:10:37'),
(436, 9, '11119', 1, '90', '90', '0', '2021-06-09', '2021-07-26 19:10:37', '2021-07-26 19:10:37'),
(437, 10, '11119', 1, '50', '50', '0', '2021-06-09', '2021-07-26 19:10:37', '2021-07-26 19:10:37'),
(438, 1, '11120', 1, '55', '55', '0', '2021-06-10', '2021-07-26 19:10:37', '2021-07-26 19:10:37'),
(439, 2, '11120', 1, '65', '65', '0', '2021-06-10', '2021-07-26 19:10:37', '2021-07-26 19:10:37'),
(440, 3, '11120', 1, '45', '45', '0', '2021-06-10', '2021-07-26 19:10:37', '2021-07-26 19:10:37'),
(441, 4, '11120', 1, '139', '139', '0', '2021-06-10', '2021-07-26 19:10:37', '2021-07-26 19:10:37'),
(442, 5, '11120', 1, '9', '9', '0', '2021-06-10', '2021-07-26 19:10:37', '2021-07-26 19:10:37'),
(443, 6, '11120', 1, '80', '80', '0', '2021-06-10', '2021-07-26 19:10:37', '2021-07-26 19:10:37'),
(444, 7, '11120', 1, '25', '25', '0', '2021-06-10', '2021-07-26 19:10:37', '2021-07-26 19:10:37'),
(445, 8, '11120', 1, '35', '35', '0', '2021-06-10', '2021-07-26 19:10:37', '2021-07-26 19:10:37'),
(446, 9, '11120', 1, '90', '90', '0', '2021-06-10', '2021-07-26 19:10:37', '2021-07-26 19:10:37'),
(447, 10, '11120', 1, '0', '0', '0', '2021-06-10', '2021-07-26 19:10:37', '2021-07-26 19:10:37'),
(448, 1, '11121', 1, '0', '0', '0', '2021-06-11', '2021-07-26 19:10:37', '2021-07-26 19:10:37'),
(449, 2, '11121', 1, '0', '0', '0', '2021-06-11', '2021-07-26 19:10:37', '2021-07-26 19:10:37'),
(450, 3, '11121', 1, '0', '0', '0', '2021-06-11', '2021-07-26 19:10:37', '2021-07-26 19:10:37'),
(451, 4, '11121', 1, '0', '0', '0', '2021-06-11', '2021-07-26 19:10:37', '2021-07-26 19:10:37'),
(452, 5, '11121', 1, '0', '0', '0', '2021-06-11', '2021-07-26 19:10:37', '2021-07-26 19:10:37'),
(453, 6, '11121', 1, '0', '0', '0', '2021-06-11', '2021-07-26 19:10:37', '2021-07-26 19:10:37'),
(454, 7, '11121', 1, '0', '0', '0', '2021-06-11', '2021-07-26 19:10:37', '2021-07-26 19:10:37'),
(455, 8, '11121', 1, '0', '0', '0', '2021-06-11', '2021-07-26 19:10:37', '2021-07-26 19:10:37'),
(456, 9, '11121', 1, '0', '0', '0', '2021-06-11', '2021-07-26 19:10:37', '2021-07-26 19:10:37'),
(457, 10, '11121', 1, '0', '0', '0', '2021-06-11', '2021-07-26 19:10:37', '2021-07-26 19:10:37'),
(458, 1, '11122', 1, '55', '55', '0', '2021-06-12', '2021-07-26 19:10:37', '2021-07-26 19:10:37'),
(459, 2, '11122', 1, '65', '65', '0', '2021-06-12', '2021-07-26 19:10:37', '2021-07-26 19:10:37'),
(460, 3, '11122', 1, '45', '45', '0', '2021-06-12', '2021-07-26 19:10:37', '2021-07-26 19:10:37'),
(461, 4, '11122', 1, '139', '139', '0', '2021-06-12', '2021-07-26 19:10:37', '2021-07-26 19:10:37'),
(462, 5, '11122', 1, '9', '9', '0', '2021-06-12', '2021-07-26 19:10:37', '2021-07-26 19:10:37'),
(463, 6, '11122', 1, '0', '0', '0', '2021-06-12', '2021-07-26 19:10:37', '2021-07-26 19:10:37'),
(464, 7, '11122', 1, '25', '25', '0', '2021-06-12', '2021-07-26 19:10:37', '2021-07-26 19:10:37'),
(465, 8, '11122', 1, '35', '35', '0', '2021-06-12', '2021-07-26 19:10:37', '2021-07-26 19:10:37'),
(466, 9, '11122', 1, '0', '0', '0', '2021-06-12', '2021-07-26 19:10:37', '2021-07-26 19:10:37'),
(467, 10, '11122', 1, '0', '0', '0', '2021-06-12', '2021-07-26 19:10:37', '2021-07-26 19:10:37'),
(468, 1, '11123', 1, '15', '15', '0', '2021-06-13', '2021-07-26 19:10:37', '2021-07-26 19:10:37'),
(469, 2, '11123', 1, '17', '17', '0', '2021-06-13', '2021-07-26 19:10:37', '2021-07-26 19:10:37'),
(470, 3, '11123', 1, '15', '15', '0', '2021-06-13', '2021-07-26 19:10:37', '2021-07-26 19:10:37'),
(471, 4, '11123', 1, '139', '139', '0', '2021-06-13', '2021-07-26 19:10:37', '2021-07-26 19:10:37'),
(472, 5, '11123', 1, '0', '0', '0', '2021-06-13', '2021-07-26 19:10:37', '2021-07-26 19:10:37'),
(473, 6, '11123', 1, '0', '0', '0', '2021-06-13', '2021-07-26 19:10:37', '2021-07-26 19:10:37'),
(474, 7, '11123', 1, '0', '0', '0', '2021-06-13', '2021-07-26 19:10:37', '2021-07-26 19:10:37'),
(475, 8, '11123', 1, '0', '0', '0', '2021-06-13', '2021-07-26 19:10:37', '2021-07-26 19:10:37'),
(476, 9, '11123', 1, '0', '0', '0', '2021-06-13', '2021-07-26 19:10:37', '2021-07-26 19:10:37'),
(477, 10, '11123', 1, '0', '0', '0', '2021-06-13', '2021-07-26 19:10:37', '2021-07-26 19:10:37'),
(478, 1, '11124', 1, '0', '0', '0', '2021-06-14', '2021-07-26 19:10:37', '2021-07-26 19:10:37'),
(479, 2, '11124', 1, '0', '0', '0', '2021-06-14', '2021-07-26 19:10:37', '2021-07-26 19:10:37'),
(480, 3, '11124', 1, '0', '0', '0', '2021-06-14', '2021-07-26 19:10:37', '2021-07-26 19:10:37'),
(481, 4, '11124', 1, '0', '0', '0', '2021-06-14', '2021-07-26 19:10:37', '2021-07-26 19:10:37'),
(482, 5, '11124', 1, '0', '0', '0', '2021-06-14', '2021-07-26 19:10:37', '2021-07-26 19:10:37'),
(483, 6, '11124', 1, '0', '0', '0', '2021-06-14', '2021-07-26 19:10:37', '2021-07-26 19:10:37'),
(484, 7, '11124', 1, '0', '0', '0', '2021-06-14', '2021-07-26 19:10:37', '2021-07-26 19:10:37'),
(485, 8, '11124', 1, '0', '0', '0', '2021-06-14', '2021-07-26 19:10:37', '2021-07-26 19:10:37'),
(486, 9, '11124', 1, '0', '0', '0', '2021-06-14', '2021-07-26 19:10:37', '2021-07-26 19:10:37'),
(487, 10, '11124', 1, '0', '0', '0', '2021-06-14', '2021-07-26 19:10:37', '2021-07-26 19:10:37'),
(488, 1, '11125', 1, '55', '55', '0', '2021-06-15', '2021-07-26 19:10:37', '2021-07-26 19:10:37'),
(489, 2, '11125', 1, '65', '65', '0', '2021-06-15', '2021-07-26 19:10:37', '2021-07-26 19:10:37'),
(490, 3, '11125', 1, '45', '45', '0', '2021-06-15', '2021-07-26 19:10:37', '2021-07-26 19:10:37'),
(491, 4, '11125', 1, '139', '139', '0', '2021-06-15', '2021-07-26 19:10:37', '2021-07-26 19:10:37'),
(492, 5, '11125', 1, '9', '9', '0', '2021-06-15', '2021-07-26 19:10:37', '2021-07-26 19:10:37'),
(493, 6, '11125', 1, '80', '80', '0', '2021-06-15', '2021-07-26 19:10:37', '2021-07-26 19:10:37'),
(494, 7, '11125', 1, '25', '25', '0', '2021-06-15', '2021-07-26 19:10:37', '2021-07-26 19:10:37'),
(495, 8, '11125', 1, '35', '35', '0', '2021-06-15', '2021-07-26 19:10:37', '2021-07-26 19:10:37'),
(496, 9, '11125', 1, '90', '90', '0', '2021-06-15', '2021-07-26 19:10:37', '2021-07-26 19:10:37'),
(497, 10, '11125', 1, '50', '50', '0', '2021-06-15', '2021-07-26 19:10:37', '2021-07-26 19:10:37'),
(498, 1, '11126', 1, '55', '55', '0', '2021-06-16', '2021-07-26 19:10:37', '2021-07-26 19:10:37'),
(499, 2, '11126', 1, '65', '65', '0', '2021-06-16', '2021-07-26 19:10:37', '2021-07-26 19:10:37'),
(500, 3, '11126', 1, '45', '45', '0', '2021-06-16', '2021-07-26 19:10:37', '2021-07-26 19:10:37'),
(501, 4, '11126', 1, '139', '139', '0', '2021-06-16', '2021-07-26 19:10:37', '2021-07-26 19:10:37'),
(502, 5, '11126', 1, '9', '9', '0', '2021-06-16', '2021-07-26 19:10:37', '2021-07-26 19:10:37'),
(503, 6, '11126', 1, '80', '80', '0', '2021-06-16', '2021-07-26 19:10:37', '2021-07-26 19:10:37'),
(504, 7, '11126', 1, '25', '25', '0', '2021-06-16', '2021-07-26 19:10:37', '2021-07-26 19:10:37'),
(505, 8, '11126', 1, '35', '35', '0', '2021-06-16', '2021-07-26 19:10:37', '2021-07-26 19:10:37'),
(506, 9, '11126', 1, '90', '90', '0', '2021-06-16', '2021-07-26 19:10:37', '2021-07-26 19:10:37'),
(507, 10, '11126', 1, '50', '50', '0', '2021-06-16', '2021-07-26 19:10:37', '2021-07-26 19:10:37'),
(508, 1, '11127', 1, '55', '55', '0', '2021-06-17', '2021-07-26 19:10:37', '2021-07-26 19:10:37'),
(509, 2, '11127', 1, '65', '65', '0', '2021-06-17', '2021-07-26 19:10:37', '2021-07-26 19:10:37'),
(510, 3, '11127', 1, '45', '45', '0', '2021-06-17', '2021-07-26 19:10:37', '2021-07-26 19:10:37'),
(511, 4, '11127', 1, '139', '139', '0', '2021-06-17', '2021-07-26 19:10:37', '2021-07-26 19:10:37'),
(512, 5, '11127', 1, '9', '9', '0', '2021-06-17', '2021-07-26 19:10:37', '2021-07-26 19:10:37'),
(513, 6, '11127', 1, '80', '80', '0', '2021-06-17', '2021-07-26 19:10:37', '2021-07-26 19:10:37'),
(514, 7, '11127', 1, '25', '25', '0', '2021-06-17', '2021-07-26 19:10:37', '2021-07-26 19:10:37'),
(515, 8, '11127', 1, '35', '35', '0', '2021-06-17', '2021-07-26 19:10:37', '2021-07-26 19:10:37'),
(516, 9, '11127', 1, '90', '90', '0', '2021-06-17', '2021-07-26 19:10:37', '2021-07-26 19:10:37'),
(517, 10, '11127', 1, '50', '50', '0', '2021-06-17', '2021-07-26 19:10:37', '2021-07-26 19:10:37'),
(518, 1, '11128', 1, '55', '55', '0', '2021-06-18', '2021-07-26 19:10:37', '2021-07-26 19:10:37'),
(519, 2, '11128', 1, '65', '65', '0', '2021-06-18', '2021-07-26 19:10:37', '2021-07-26 19:10:37'),
(520, 3, '11128', 1, '45', '45', '0', '2021-06-18', '2021-07-26 19:10:37', '2021-07-26 19:10:37'),
(521, 4, '11128', 1, '139', '139', '0', '2021-06-18', '2021-07-26 19:10:37', '2021-07-26 19:10:37'),
(522, 5, '11128', 1, '9', '9', '0', '2021-06-18', '2021-07-26 19:10:37', '2021-07-26 19:10:37'),
(523, 6, '11128', 1, '80', '80', '0', '2021-06-18', '2021-07-26 19:10:37', '2021-07-26 19:10:37'),
(524, 7, '11128', 1, '25', '25', '0', '2021-06-18', '2021-07-26 19:10:37', '2021-07-26 19:10:37'),
(525, 8, '11128', 1, '35', '35', '0', '2021-06-18', '2021-07-26 19:10:37', '2021-07-26 19:10:37'),
(526, 9, '11128', 1, '90', '90', '0', '2021-06-18', '2021-07-26 19:10:37', '2021-07-26 19:10:37'),
(527, 10, '11128', 1, '0', '0', '0', '2021-06-18', '2021-07-26 19:10:37', '2021-07-26 19:10:37'),
(528, 1, '11129', 1, '55', '55', '0', '2021-06-19', '2021-07-26 19:10:37', '2021-07-26 19:10:37'),
(529, 2, '11129', 1, '65', '65', '0', '2021-06-19', '2021-07-26 19:10:37', '2021-07-26 19:10:37'),
(530, 3, '11129', 1, '45', '45', '0', '2021-06-19', '2021-07-26 19:10:37', '2021-07-26 19:10:37'),
(531, 4, '11129', 1, '139', '139', '0', '2021-06-19', '2021-07-26 19:10:37', '2021-07-26 19:10:37'),
(532, 5, '11129', 1, '9', '9', '0', '2021-06-19', '2021-07-26 19:10:37', '2021-07-26 19:10:37'),
(533, 6, '11129', 1, '80', '80', '0', '2021-06-19', '2021-07-26 19:10:37', '2021-07-26 19:10:37'),
(534, 7, '11129', 1, '25', '25', '0', '2021-06-19', '2021-07-26 19:10:37', '2021-07-26 19:10:37'),
(535, 8, '11129', 1, '35', '35', '0', '2021-06-19', '2021-07-26 19:10:37', '2021-07-26 19:10:37'),
(536, 9, '11129', 1, '0', '0', '0', '2021-06-19', '2021-07-26 19:10:37', '2021-07-26 19:10:37'),
(537, 10, '11129', 1, '50', '50', '0', '2021-06-19', '2021-07-26 19:10:37', '2021-07-26 19:10:37'),
(538, 1, '11130', 1, '15', '15', '0', '2021-06-20', '2021-07-26 19:10:37', '2021-07-26 19:10:37'),
(539, 2, '11130', 1, '17', '17', '0', '2021-06-20', '2021-07-26 19:10:37', '2021-07-26 19:10:37'),
(540, 3, '11130', 1, '15', '15', '0', '2021-06-20', '2021-07-26 19:10:37', '2021-07-26 19:10:37'),
(541, 4, '11130', 1, '139', '139', '0', '2021-06-20', '2021-07-26 19:10:37', '2021-07-26 19:10:37'),
(542, 5, '11130', 1, '0', '0', '0', '2021-06-20', '2021-07-26 19:10:37', '2021-07-26 19:10:37'),
(543, 6, '11130', 1, '0', '0', '0', '2021-06-20', '2021-07-26 19:10:37', '2021-07-26 19:10:37'),
(544, 7, '11130', 1, '0', '0', '0', '2021-06-20', '2021-07-26 19:10:37', '2021-07-26 19:10:37'),
(545, 8, '11130', 1, '0', '0', '0', '2021-06-20', '2021-07-26 19:10:37', '2021-07-26 19:10:37'),
(546, 9, '11130', 1, '0', '0', '0', '2021-06-20', '2021-07-26 19:10:37', '2021-07-26 19:10:37'),
(547, 10, '11130', 1, '0', '0', '0', '2021-06-20', '2021-07-26 19:10:37', '2021-07-26 19:10:37'),
(548, 1, '11131', 1, '15', '15', '0', '2021-06-21', '2021-07-26 19:10:37', '2021-07-26 19:10:37'),
(549, 2, '11131', 1, '17', '17', '0', '2021-06-21', '2021-07-26 19:10:37', '2021-07-26 19:10:37'),
(550, 3, '11131', 1, '15', '15', '0', '2021-06-21', '2021-07-26 19:10:37', '2021-07-26 19:10:37'),
(551, 4, '11131', 1, '139', '139', '0', '2021-06-21', '2021-07-26 19:10:37', '2021-07-26 19:10:37'),
(552, 5, '11131', 1, '0', '0', '0', '2021-06-21', '2021-07-26 19:10:37', '2021-07-26 19:10:37'),
(553, 6, '11131', 1, '0', '0', '0', '2021-06-21', '2021-07-26 19:10:37', '2021-07-26 19:10:37'),
(554, 7, '11131', 1, '0', '0', '0', '2021-06-21', '2021-07-26 19:10:37', '2021-07-26 19:10:37'),
(555, 8, '11131', 1, '0', '0', '0', '2021-06-21', '2021-07-26 19:10:37', '2021-07-26 19:10:37'),
(556, 9, '11131', 1, '0', '0', '0', '2021-06-21', '2021-07-26 19:10:37', '2021-07-26 19:10:37'),
(557, 10, '11131', 1, '0', '0', '0', '2021-06-21', '2021-07-26 19:10:37', '2021-07-26 19:10:37'),
(558, 1, '11132', 1, '55', '55', '0', '2021-06-22', '2021-07-26 19:10:37', '2021-07-26 19:10:37'),
(559, 2, '11132', 1, '65', '65', '0', '2021-06-22', '2021-07-26 19:10:37', '2021-07-26 19:10:37'),
(560, 3, '11132', 1, '45', '45', '0', '2021-06-22', '2021-07-26 19:10:37', '2021-07-26 19:10:37'),
(561, 4, '11132', 1, '50', '50', '0', '2021-06-22', '2021-07-26 19:10:37', '2021-07-26 19:10:37'),
(562, 5, '11132', 1, '9', '9', '0', '2021-06-22', '2021-07-26 19:10:37', '2021-07-26 19:10:37'),
(563, 6, '11132', 1, '80', '80', '0', '2021-06-22', '2021-07-26 19:10:37', '2021-07-26 19:10:37'),
(564, 7, '11132', 1, '25', '25', '0', '2021-06-22', '2021-07-26 19:10:37', '2021-07-26 19:10:37'),
(565, 8, '11132', 1, '35', '35', '0', '2021-06-22', '2021-07-26 19:10:37', '2021-07-26 19:10:37'),
(566, 9, '11132', 1, '90', '90', '0', '2021-06-22', '2021-07-26 19:10:37', '2021-07-26 19:10:37'),
(567, 10, '11132', 1, '50', '50', '0', '2021-06-22', '2021-07-26 19:10:37', '2021-07-26 19:10:37'),
(568, 1, '11133', 1, '55', '55', '0', '2021-06-23', '2021-07-26 19:10:37', '2021-07-26 19:10:37'),
(569, 2, '11133', 1, '65', '65', '0', '2021-06-23', '2021-07-26 19:10:37', '2021-07-26 19:10:37'),
(570, 3, '11133', 1, '45', '45', '0', '2021-06-23', '2021-07-26 19:10:37', '2021-07-26 19:10:37'),
(571, 4, '11133', 1, '139', '139', '0', '2021-06-23', '2021-07-26 19:10:37', '2021-07-26 19:10:37'),
(572, 5, '11133', 1, '8', '8', '0', '2021-06-23', '2021-07-26 19:10:37', '2021-07-26 19:10:37'),
(573, 6, '11133', 1, '80', '80', '0', '2021-06-23', '2021-07-26 19:10:37', '2021-07-26 19:10:37'),
(574, 7, '11133', 1, '25', '25', '0', '2021-06-23', '2021-07-26 19:10:37', '2021-07-26 19:10:37'),
(575, 8, '11133', 1, '35', '35', '0', '2021-06-23', '2021-07-26 19:10:37', '2021-07-26 19:10:37'),
(576, 9, '11133', 1, '90', '90', '0', '2021-06-23', '2021-07-26 19:10:37', '2021-07-26 19:10:37'),
(577, 10, '11133', 1, '0', '0', '0', '2021-06-23', '2021-07-26 19:10:37', '2021-07-26 19:10:37'),
(578, 1, '11134', 1, '55', '55', '0', '2021-06-24', '2021-07-26 19:10:37', '2021-07-26 19:10:37'),
(579, 2, '11134', 1, '65', '65', '0', '2021-06-24', '2021-07-26 19:10:37', '2021-07-26 19:10:37'),
(580, 3, '11134', 1, '45', '45', '0', '2021-06-24', '2021-07-26 19:10:37', '2021-07-26 19:10:37'),
(581, 4, '11134', 1, '139', '139', '0', '2021-06-24', '2021-07-26 19:10:37', '2021-07-26 19:10:37'),
(582, 5, '11134', 1, '8', '8', '0', '2021-06-24', '2021-07-26 19:10:37', '2021-07-26 19:10:37'),
(583, 6, '11134', 1, '80', '80', '0', '2021-06-24', '2021-07-26 19:10:37', '2021-07-26 19:10:37'),
(584, 7, '11134', 1, '25', '25', '0', '2021-06-24', '2021-07-26 19:10:37', '2021-07-26 19:10:37'),
(585, 8, '11134', 1, '35', '35', '0', '2021-06-24', '2021-07-26 19:10:37', '2021-07-26 19:10:37'),
(586, 9, '11134', 1, '90', '90', '0', '2021-06-24', '2021-07-26 19:10:37', '2021-07-26 19:10:37'),
(587, 10, '11134', 1, '50', '50', '0', '2021-06-24', '2021-07-26 19:10:37', '2021-07-26 19:10:37'),
(588, 1, '11135', 1, '55', '55', '0', '2021-06-25', '2021-07-26 19:10:37', '2021-07-26 19:10:37'),
(589, 2, '11135', 1, '65', '65', '0', '2021-06-25', '2021-07-26 19:10:37', '2021-07-26 19:10:37'),
(590, 3, '11135', 1, '45', '45', '0', '2021-06-25', '2021-07-26 19:10:37', '2021-07-26 19:10:37'),
(591, 4, '11135', 1, '139', '139', '0', '2021-06-25', '2021-07-26 19:10:37', '2021-07-26 19:10:37'),
(592, 5, '11135', 1, '8', '8', '0', '2021-06-25', '2021-07-26 19:10:37', '2021-07-26 19:10:37'),
(593, 6, '11135', 1, '80', '80', '0', '2021-06-25', '2021-07-26 19:10:37', '2021-07-26 19:10:37'),
(594, 7, '11135', 1, '25', '25', '0', '2021-06-25', '2021-07-26 19:10:37', '2021-07-26 19:10:37'),
(595, 8, '11135', 1, '35', '35', '0', '2021-06-25', '2021-07-26 19:10:37', '2021-07-26 19:10:37'),
(596, 9, '11135', 1, '90', '90', '0', '2021-06-25', '2021-07-26 19:10:37', '2021-07-26 19:10:37'),
(597, 10, '11135', 1, '0', '0', '0', '2021-06-25', '2021-07-26 19:10:37', '2021-07-26 19:10:37'),
(598, 1, '11136', 1, '55', '55', '0', '2021-06-26', '2021-07-26 19:10:37', '2021-07-26 19:10:37'),
(599, 2, '11136', 1, '65', '65', '0', '2021-06-26', '2021-07-26 19:10:37', '2021-07-26 19:10:37'),
(600, 3, '11136', 1, '45', '45', '0', '2021-06-26', '2021-07-26 19:10:37', '2021-07-26 19:10:37'),
(601, 4, '11136', 1, '139', '139', '0', '2021-06-26', '2021-07-26 19:10:37', '2021-07-26 19:10:37'),
(602, 5, '11136', 1, '8', '8', '0', '2021-06-26', '2021-07-26 19:10:37', '2021-07-26 19:10:37'),
(603, 6, '11136', 1, '80', '80', '0', '2021-06-26', '2021-07-26 19:10:37', '2021-07-26 19:10:37'),
(604, 7, '11136', 1, '25', '25', '0', '2021-06-26', '2021-07-26 19:10:37', '2021-07-26 19:10:37'),
(605, 8, '11136', 1, '35', '35', '0', '2021-06-26', '2021-07-26 19:10:37', '2021-07-26 19:10:37'),
(606, 9, '11136', 1, '0', '0', '0', '2021-06-26', '2021-07-26 19:10:37', '2021-07-26 19:10:37'),
(607, 10, '11136', 1, '50', '50', '0', '2021-06-26', '2021-07-26 19:10:37', '2021-07-26 19:10:37'),
(608, 1, '11137', 1, '15', '15', '0', '2021-06-27', '2021-07-26 19:10:37', '2021-07-26 19:10:37'),
(609, 2, '11137', 1, '17', '17', '0', '2021-06-27', '2021-07-26 19:10:37', '2021-07-26 19:10:37'),
(610, 3, '11137', 1, '15', '15', '0', '2021-06-27', '2021-07-26 19:10:37', '2021-07-26 19:10:37'),
(611, 4, '11137', 1, '64', '64', '0', '2021-06-27', '2021-07-26 19:10:37', '2021-07-26 19:10:37'),
(612, 5, '11137', 1, '0', '0', '0', '2021-06-27', '2021-07-26 19:10:37', '2021-07-26 19:10:37'),
(613, 6, '11137', 1, '0', '0', '0', '2021-06-27', '2021-07-26 19:10:37', '2021-07-26 19:10:37'),
(614, 7, '11137', 1, '0', '0', '0', '2021-06-27', '2021-07-26 19:10:37', '2021-07-26 19:10:37'),
(615, 8, '11137', 1, '0', '0', '0', '2021-06-27', '2021-07-26 19:10:37', '2021-07-26 19:10:37'),
(616, 9, '11137', 1, '0', '0', '0', '2021-06-27', '2021-07-26 19:10:37', '2021-07-26 19:10:37'),
(617, 10, '11137', 1, '0', '0', '0', '2021-06-27', '2021-07-26 19:10:37', '2021-07-26 19:10:37'),
(618, 1, '11138', 1, '15', '15', '0', '2021-06-28', '2021-07-26 19:10:37', '2021-07-26 19:10:37'),
(619, 2, '11138', 1, '17', '17', '0', '2021-06-28', '2021-07-26 19:10:37', '2021-07-26 19:10:37'),
(620, 3, '11138', 1, '15', '15', '0', '2021-06-28', '2021-07-26 19:10:37', '2021-07-26 19:10:37'),
(621, 4, '11138', 1, '62', '62', '0', '2021-06-28', '2021-07-26 19:10:37', '2021-07-26 19:10:37'),
(622, 5, '11138', 1, '0', '0', '0', '2021-06-28', '2021-07-26 19:10:37', '2021-07-26 19:10:37'),
(623, 6, '11138', 1, '0', '0', '0', '2021-06-28', '2021-07-26 19:10:37', '2021-07-26 19:10:37'),
(624, 7, '11138', 1, '0', '0', '0', '2021-06-28', '2021-07-26 19:10:37', '2021-07-26 19:10:37'),
(625, 8, '11138', 1, '0', '0', '0', '2021-06-28', '2021-07-26 19:10:37', '2021-07-26 19:10:37'),
(626, 9, '11138', 1, '0', '0', '0', '2021-06-28', '2021-07-26 19:10:37', '2021-07-26 19:10:37'),
(627, 10, '11138', 1, '0', '0', '0', '2021-06-28', '2021-07-26 19:10:37', '2021-07-26 19:10:37'),
(628, 1, '11139', 1, '55', '55', '0', '2021-06-29', '2021-07-26 19:10:37', '2021-07-26 19:10:37'),
(629, 2, '11139', 1, '65', '65', '0', '2021-06-29', '2021-07-26 19:10:37', '2021-07-26 19:10:37'),
(630, 3, '11139', 1, '45', '45', '0', '2021-06-29', '2021-07-26 19:10:37', '2021-07-26 19:10:37'),
(631, 4, '11139', 1, '132', '132', '0', '2021-06-29', '2021-07-26 19:10:37', '2021-07-26 19:10:37'),
(632, 5, '11139', 1, '8', '8', '0', '2021-06-29', '2021-07-26 19:10:37', '2021-07-26 19:10:37'),
(633, 6, '11139', 1, '80', '80', '0', '2021-06-29', '2021-07-26 19:10:37', '2021-07-26 19:10:37'),
(634, 7, '11139', 1, '25', '25', '0', '2021-06-29', '2021-07-26 19:10:37', '2021-07-26 19:10:37'),
(635, 8, '11139', 1, '35', '35', '0', '2021-06-29', '2021-07-26 19:10:37', '2021-07-26 19:10:37'),
(636, 9, '11139', 1, '90', '90', '0', '2021-06-29', '2021-07-26 19:10:37', '2021-07-26 19:10:37'),
(637, 10, '11139', 1, '50', '50', '0', '2021-06-29', '2021-07-26 19:10:37', '2021-07-26 19:10:37'),
(638, 1, '11140', 1, '55', '55', '0', '2021-06-30', '2021-07-26 19:10:37', '2021-07-26 19:10:37'),
(639, 2, '11140', 1, '65', '65', '0', '2021-06-30', '2021-07-26 19:10:37', '2021-07-26 19:10:37'),
(640, 3, '11140', 1, '45', '45', '0', '2021-06-30', '2021-07-26 19:10:37', '2021-07-26 19:10:37'),
(641, 4, '11140', 1, '133', '133', '0', '2021-06-30', '2021-07-26 19:10:37', '2021-07-26 19:10:37'),
(642, 5, '11140', 1, '8', '8', '0', '2021-06-30', '2021-07-26 19:10:37', '2021-07-26 19:10:37'),
(643, 6, '11140', 1, '80', '80', '0', '2021-06-30', '2021-07-26 19:10:37', '2021-07-26 19:10:37'),
(644, 7, '11140', 1, '25', '25', '0', '2021-06-30', '2021-07-26 19:10:37', '2021-07-26 19:10:37'),
(645, 8, '11140', 1, '35', '35', '0', '2021-06-30', '2021-07-26 19:10:37', '2021-07-26 19:10:37'),
(646, 9, '11140', 1, '90', '90', '0', '2021-06-30', '2021-07-26 19:10:37', '2021-07-26 19:10:37'),
(647, 10, '11140', 1, '50', '50', '0', '2021-06-30', '2021-07-26 19:10:37', '2021-07-26 19:10:37'),
(648, NULL, NULL, NULL, NULL, NULL, NULL, '1970-01-01', '2021-07-26 19:10:37', '2021-07-26 19:10:37'),
(649, NULL, NULL, NULL, NULL, NULL, NULL, '1970-01-01', '2021-07-26 19:10:37', '2021-07-26 19:10:37'),
(650, NULL, NULL, NULL, NULL, NULL, NULL, '1970-01-01', '2021-07-26 19:10:37', '2021-07-26 19:10:37'),
(651, NULL, NULL, NULL, NULL, NULL, NULL, '1970-01-01', '2021-07-26 19:10:37', '2021-07-26 19:10:37'),
(652, NULL, NULL, NULL, NULL, NULL, NULL, '1970-01-01', '2021-07-26 19:10:37', '2021-07-26 19:10:37'),
(653, NULL, NULL, NULL, NULL, NULL, NULL, '1970-01-01', '2021-07-26 19:10:37', '2021-07-26 19:10:37'),
(654, NULL, NULL, NULL, NULL, NULL, NULL, '1970-01-01', '2021-07-26 19:10:37', '2021-07-26 19:10:37'),
(655, NULL, NULL, NULL, NULL, NULL, NULL, '1970-01-01', '2021-07-26 19:10:37', '2021-07-26 19:10:37'),
(656, NULL, NULL, NULL, NULL, NULL, NULL, '1970-01-01', '2021-07-26 19:10:37', '2021-07-26 19:10:37'),
(657, NULL, NULL, NULL, NULL, NULL, NULL, '1970-01-01', '2021-07-26 19:10:37', '2021-07-26 19:10:37'),
(659, 2, '196941', 1, '34', '34', '0', '2021-07-27', '2021-07-26 22:50:16', '2021-07-26 22:50:43'),
(660, 3, '196941', 1, '20', '20', '0', '2021-07-27', '2021-07-26 22:50:16', '2021-07-26 22:50:43');

-- --------------------------------------------------------

--
-- Table structure for table `migrations`
--

CREATE TABLE `migrations` (
  `id` int(10) UNSIGNED NOT NULL,
  `migration` varchar(255) COLLATE utf8mb4_unicode_ci NOT NULL,
  `batch` int(11) NOT NULL
) ENGINE=InnoDB DEFAULT CHARSET=utf8mb4 COLLATE=utf8mb4_unicode_ci;

--
-- Dumping data for table `migrations`
--

INSERT INTO `migrations` (`id`, `migration`, `batch`) VALUES
(1, '2014_10_12_000000_create_users_table', 1),
(2, '2014_10_12_100000_create_password_resets_table', 1),
(3, '2019_08_19_000000_create_failed_jobs_table', 1),
(4, '2021_06_01_141928_create_korans_table', 2),
(5, '2021_06_02_055815_create_customers_table', 3),
(6, '2021_06_02_060434_create_orders_table', 3),
(7, '2021_06_02_072901_pakets', 4),
(8, '2021_06_02_073157_create_pakets_table', 5),
(9, '2021_06_03_113226_create_notifications_table', 6),
(10, '2021_06_04_114933_create_manage_korans_table', 7),
(11, '2021_06_22_110808_create_invoices_table', 8);

-- --------------------------------------------------------

--
-- Table structure for table `notifications`
--

CREATE TABLE `notifications` (
  `id` char(36) COLLATE utf8mb4_unicode_ci NOT NULL,
  `type` varchar(255) COLLATE utf8mb4_unicode_ci NOT NULL,
  `notifiable_type` varchar(255) COLLATE utf8mb4_unicode_ci NOT NULL,
  `notifiable_id` bigint(20) UNSIGNED NOT NULL,
  `data` text COLLATE utf8mb4_unicode_ci NOT NULL,
  `read_at` timestamp NULL DEFAULT NULL,
  `created_at` timestamp NULL DEFAULT NULL,
  `updated_at` timestamp NULL DEFAULT NULL
) ENGINE=InnoDB DEFAULT CHARSET=utf8mb4 COLLATE=utf8mb4_unicode_ci;

--
-- Dumping data for table `notifications`
--

INSERT INTO `notifications` (`id`, `type`, `notifiable_type`, `notifiable_id`, `data`, `read_at`, `created_at`, `updated_at`) VALUES
('0449710b-9a3e-4a04-968b-0b4306770abc', 'App\\Notifications\\Pesanan', 'App\\Models\\User', 1, '{\"nama\":\"Inggih Rembang Setyo\",\"phone\":\"0895636696490\",\"email\":\"prodankontra8@gmail.com\"}', NULL, '2021-07-26 22:45:45', '2021-07-26 22:45:45'),
('07968fa1-5c94-4f62-8ab9-f4dc9473a1fb', 'App\\Notifications\\Pesanan', 'App\\Models\\User', 4, '{\"nama\":\"Diii\",\"phone\":\"0823455654556\",\"email\":\"creeddiki8@gmail.com\"}', NULL, '2021-06-28 23:58:27', '2021-06-28 23:58:27'),
('0f1f925c-6535-4ece-a536-af1c301abc13', 'App\\Notifications\\Pesanan', 'App\\Models\\User', 2, '{\"nama\":\"Zhafira Gusti\",\"phone\":\"09213123131\",\"email\":\"pipi@gmail.com\"}', NULL, '2021-07-12 05:46:02', '2021-07-12 05:46:02'),
('13fa4234-b27f-4257-821e-1f1d7b7e50d1', 'App\\Notifications\\Pesanan', 'App\\Models\\User', 2, '{\"nama\":\"Kominfo Sekayu\",\"phone\":\"082178526861\",\"email\":\"kominfo@gmail.com\"}', NULL, '2021-07-02 23:22:58', '2021-07-02 23:22:58'),
('281c46da-3cb8-4f20-b8d0-fef9c8ed2ec7', 'App\\Notifications\\Pesanan', 'App\\Models\\User', 2, '{\"nama\":\"Inggih Rembang Setyo\",\"phone\":\"0895636696490\",\"email\":\"prodankontra8@gmail.com\"}', NULL, '2021-07-26 22:45:45', '2021-07-26 22:45:45'),
('36eaa8ac-debc-4ff3-8ba5-5c393fb445ac', 'App\\Notifications\\Pesanan', 'App\\Models\\User', 2, '{\"nama\":\"Diii\",\"phone\":\"0823455654556\",\"email\":\"creeddiki8@gmail.com\"}', '2021-06-28 18:06:45', '2021-06-28 23:58:27', '2021-06-29 06:44:45'),
('3baffca0-27db-400e-adcd-54c23d8a9113', 'App\\Notifications\\Pesanan', 'App\\Models\\User', 1, '{\"nama\":\"Diii\",\"phone\":\"0823455654556\",\"email\":\"creeddiki8@gmail.com\"}', '2021-07-26 03:07:24', '2021-06-28 23:58:27', '2021-07-26 03:52:24'),
('3caa4fff-c4e3-4873-ad5b-47d625815a5a', 'App\\Notifications\\Pesanan', 'App\\Models\\User', 2, '{\"nama\":\"andika\",\"phone\":\"0895636696490\",\"email\":\"andika@faserv.id\"}', '2021-06-28 18:06:45', '2021-06-27 06:19:37', '2021-06-29 06:44:45'),
('4d029bea-5b50-4242-9a52-325b7304d093', 'App\\Notifications\\Pesanan', 'App\\Models\\User', 6, '{\"nama\":\"kioh\",\"phone\":\"hio\",\"email\":\"hoi@er\"}', NULL, '2021-07-07 03:34:53', '2021-07-07 03:34:53'),
('627601e4-e1d2-496b-8529-a6e37fd3b0c4', 'App\\Notifications\\Pesanan', 'App\\Models\\User', 4, '{\"nama\":\"septi\",\"phone\":\"0895636696490\",\"email\":\"septiana@gmail.com\"}', '2021-06-27 20:06:42', '2021-06-27 06:37:42', '2021-06-28 08:36:42'),
('895b9f42-c91a-4f81-b50e-caa2fd11ec8d', 'App\\Notifications\\Pesanan', 'App\\Models\\User', 2, '{\"nama\":\"septi\",\"phone\":\"0895636696490\",\"email\":\"septiana@gmail.com\"}', '2021-06-28 18:06:45', '2021-06-27 06:37:42', '2021-06-29 06:44:45'),
('8f163b6b-b972-4e2c-b77a-b7880d515989', 'App\\Notifications\\Pesanan', 'App\\Models\\User', 2, '{\"nama\":\"kioh\",\"phone\":\"hio\",\"email\":\"hoi@er\"}', NULL, '2021-07-07 03:34:53', '2021-07-07 03:34:53'),
('96722915-3be8-41f1-93cf-9b2a0970bb0b', 'App\\Notifications\\Pesanan', 'App\\Models\\User', 1, '{\"nama\":\"septi\",\"phone\":\"0895636696490\",\"email\":\"septiana@gmail.com\"}', '2021-07-26 03:07:24', '2021-06-27 06:37:42', '2021-07-26 03:52:24'),
('99c7f392-3fba-4e05-a2f8-e23abf325a1f', 'App\\Notifications\\Pesanan', 'App\\Models\\User', 1, '{\"nama\":\"kioh\",\"phone\":\"hio\",\"email\":\"hoi@er\"}', '2021-07-26 03:07:24', '2021-07-07 03:34:53', '2021-07-26 03:52:24'),
('a8df0e28-b276-46c6-b246-fbfc57cabca7', 'App\\Notifications\\Pesanan', 'App\\Models\\User', 6, '{\"nama\":\"Kominfo Sekayu\",\"phone\":\"082178526861\",\"email\":\"kominfo@gmail.com\"}', NULL, '2021-07-02 23:22:58', '2021-07-02 23:22:58'),
('ad4d526c-d222-4b39-936a-f1436c5f3baf', 'App\\Notifications\\Pesanan', 'App\\Models\\User', 1, '{\"nama\":\"andika\",\"phone\":\"0895636696490\",\"email\":\"andika@faserv.id\"}', '2021-07-26 03:07:24', '2021-06-27 06:19:37', '2021-07-26 03:52:24'),
('b4815268-0f1a-47f1-af76-c018861e0032', 'App\\Notifications\\Pesanan', 'App\\Models\\User', 6, '{\"nama\":\"Zhafira Gusti\",\"phone\":\"09213123131\",\"email\":\"pipi@gmail.com\"}', NULL, '2021-07-12 05:46:02', '2021-07-12 05:46:02'),
('d3881434-fbbd-4c5b-95e3-36684e54f0e0', 'App\\Notifications\\Pesanan', 'App\\Models\\User', 6, '{\"nama\":\"Inggih Rembang Setyo\",\"phone\":\"0895636696490\",\"email\":\"prodankontra8@gmail.com\"}', NULL, '2021-07-26 22:45:45', '2021-07-26 22:45:45'),
('df3efc13-b9ba-47d2-b81f-2d2884783b26', 'App\\Notifications\\Pesanan', 'App\\Models\\User', 1, '{\"nama\":\"Zhafira Gusti\",\"phone\":\"09213123131\",\"email\":\"pipi@gmail.com\"}', '2021-07-26 03:07:24', '2021-07-12 05:46:02', '2021-07-26 03:52:24'),
('f0a3957f-4776-4f96-9423-8d4c68933458', 'App\\Notifications\\Pesanan', 'App\\Models\\User', 4, '{\"nama\":\"andika\",\"phone\":\"0895636696490\",\"email\":\"andika@faserv.id\"}', '2021-06-27 20:06:42', '2021-06-27 06:19:37', '2021-06-28 08:36:42'),
('fcd5c5b0-b7c7-4817-8db4-d161516c9262', 'App\\Notifications\\Pesanan', 'App\\Models\\User', 6, '{\"nama\":\"Diii\",\"phone\":\"0823455654556\",\"email\":\"creeddiki8@gmail.com\"}', NULL, '2021-06-28 23:58:27', '2021-06-28 23:58:27'),
('ff0dc4ee-cdab-4cf4-aaf5-07f40ebb0ead', 'App\\Notifications\\Pesanan', 'App\\Models\\User', 1, '{\"nama\":\"Kominfo Sekayu\",\"phone\":\"082178526861\",\"email\":\"kominfo@gmail.com\"}', '2021-07-26 03:07:24', '2021-07-02 23:22:58', '2021-07-26 03:52:24');

-- --------------------------------------------------------

--
-- Table structure for table `orders`
--

CREATE TABLE `orders` (
  `id` bigint(20) UNSIGNED NOT NULL,
  `id_order` bigint(20) NOT NULL,
  `id_paket` bigint(20) NOT NULL,
  `item` varchar(255) COLLATE utf8mb4_unicode_ci NOT NULL,
  `qty` varchar(255) COLLATE utf8mb4_unicode_ci NOT NULL,
  `created_at` timestamp NULL DEFAULT NULL,
  `updated_at` timestamp NULL DEFAULT NULL
) ENGINE=InnoDB DEFAULT CHARSET=utf8mb4 COLLATE=utf8mb4_unicode_ci;

--
-- Dumping data for table `orders`
--

INSERT INTO `orders` (`id`, `id_order`, `id_paket`, `item`, `qty`, `created_at`, `updated_at`) VALUES
(73, 27, 1, '1', '5', '2021-07-26 02:57:40', '2021-07-26 17:20:48'),
(74, 27, 1, '2', '2', '2021-07-26 02:57:40', '2021-07-26 17:20:48'),
(75, 27, 1, '3', '3', '2021-07-26 02:57:40', '2021-07-26 17:20:48'),
(76, 27, 1, '4', '5', '2021-07-26 02:57:40', '2021-07-26 17:20:48'),
(77, 27, 1, '5', '3', '2021-07-26 02:57:40', '2021-07-26 17:20:48'),
(78, 27, 1, '6', '4', '2021-07-26 02:57:40', '2021-07-26 17:20:48'),
(79, 27, 1, '7', '3', '2021-07-26 02:57:40', '2021-07-26 17:20:48'),
(80, 27, 1, '8', '4', '2021-07-26 02:57:40', '2021-07-26 17:20:48'),
(81, 27, 1, '9', '4', '2021-07-26 02:57:40', '2021-07-26 17:20:48'),
(82, 27, 1, '10', '4', '2021-07-26 02:57:40', '2021-07-26 17:20:48'),
(83, 28, 1, '10', '2', '2021-07-26 04:53:10', '2021-07-26 18:29:41'),
(84, 29, 2, '10', '1', '2021-07-26 04:54:02', '2021-07-26 17:28:36'),
(85, 30, 1, '10', '15', '2021-07-26 04:54:59', '2021-07-26 04:54:59'),
(86, 31, 1, '10', '1', '2021-07-26 05:02:08', '2021-07-26 05:02:08'),
(87, 32, 1, '1', '22', '2021-07-26 05:03:36', '2021-07-26 05:03:36'),
(88, 32, 1, '5', '22', '2021-07-26 05:03:36', '2021-07-26 05:03:36'),
(89, 32, 1, '6', '22', '2021-07-26 05:03:36', '2021-07-26 05:03:36'),
(90, 32, 1, '9', '22', '2021-07-26 05:03:36', '2021-07-26 05:03:36'),
(91, 32, 1, '10', '22', '2021-07-26 05:03:36', '2021-07-26 05:03:36'),
(94, 34, 1, '2', '5', '2021-07-26 22:45:45', '2021-07-26 22:45:45'),
(95, 34, 1, '3', '2', '2021-07-26 22:45:45', '2021-07-26 22:45:45'),
(96, 35, 1, '1', '2', '2021-07-26 22:48:56', '2021-07-26 22:49:31'),
(97, 35, 1, '8', '1', '2021-07-26 22:48:56', '2021-07-26 22:49:31');

-- --------------------------------------------------------

--
-- Table structure for table `pakets`
--

CREATE TABLE `pakets` (
  `id_paket` bigint(20) UNSIGNED NOT NULL,
  `paket` varchar(255) COLLATE utf8mb4_unicode_ci NOT NULL,
  `total_hari` varchar(255) COLLATE utf8mb4_unicode_ci NOT NULL,
  `created_at` timestamp NULL DEFAULT NULL,
  `updated_at` timestamp NULL DEFAULT NULL
) ENGINE=InnoDB DEFAULT CHARSET=utf8mb4 COLLATE=utf8mb4_unicode_ci;

--
-- Dumping data for table `pakets`
--

INSERT INTO `pakets` (`id_paket`, `paket`, `total_hari`, `created_at`, `updated_at`) VALUES
(1, '5 hari', '22', '2021-06-02 07:33:05', '2021-06-23 16:42:41'),
(2, '7 hari', '30', '2021-06-02 07:33:05', '2021-06-02 07:33:05');

-- --------------------------------------------------------

--
-- Table structure for table `users`
--

CREATE TABLE `users` (
  `id` bigint(20) UNSIGNED NOT NULL,
  `name` varchar(255) COLLATE utf8mb4_unicode_ci NOT NULL,
  `email` varchar(255) COLLATE utf8mb4_unicode_ci NOT NULL,
  `alamat` text COLLATE utf8mb4_unicode_ci DEFAULT NULL,
  `level` varchar(255) COLLATE utf8mb4_unicode_ci NOT NULL DEFAULT 'admin',
  `password` varchar(255) COLLATE utf8mb4_unicode_ci NOT NULL,
  `phone` varchar(255) COLLATE utf8mb4_unicode_ci DEFAULT NULL,
  `foto` varchar(255) COLLATE utf8mb4_unicode_ci DEFAULT NULL,
  `created_at` timestamp NULL DEFAULT NULL,
  `updated_at` timestamp NULL DEFAULT NULL
) ENGINE=InnoDB DEFAULT CHARSET=utf8mb4 COLLATE=utf8mb4_unicode_ci;

--
-- Dumping data for table `users`
--

INSERT INTO `users` (`id`, `name`, `email`, `alamat`, `level`, `password`, `phone`, `foto`, `created_at`, `updated_at`) VALUES
(1, 'Inggih Rembang Setyo', 'inggih@faserv.id', 'Komplek Benteng, Blok. Y No.7', 'admin', '$2y$10$NLZhDR2gw2motJ2DX7ds9.FrthRSDubZxDraRtmXEC5Xzd6eb68om', '082178526861', '1.png', '2021-05-31 22:28:11', '2021-06-18 06:07:45'),
(2, 'Mark Zurkeberg', 'mark@faserv.id', 'Harvard', 'manager', '$2y$10$rMEeLTl1uVkmzRSPCYmoVOO1n4vOiWzQ7.EZo6yS5DDgVcomkEs.u', '082178526861', '2.jpg', '2021-06-18 23:24:15', '2021-06-18 23:57:55'),
(6, 'Atokuadrat', 'sumbing@faserv.id', NULL, 'admin', '$2y$10$sU2lEkcJrHf3ThKE7qUG4eVW2OtXmJ8Z7SNEClxzXyxqHbDDbR7I2', '0821231321412', 'sumbing@faserv.id.jpg', '2021-06-28 06:35:30', '2021-07-10 02:20:51');

--
-- Indexes for dumped tables
--

--
-- Indexes for table `customers`
--
ALTER TABLE `customers`
  ADD PRIMARY KEY (`id_cust`);

--
-- Indexes for table `korans`
--
ALTER TABLE `korans`
  ADD PRIMARY KEY (`id_koran`);

--
-- Indexes for table `manage_korans`
--
ALTER TABLE `manage_korans`
  ADD PRIMARY KEY (`id`);

--
-- Indexes for table `migrations`
--
ALTER TABLE `migrations`
  ADD PRIMARY KEY (`id`);

--
-- Indexes for table `notifications`
--
ALTER TABLE `notifications`
  ADD PRIMARY KEY (`id`),
  ADD KEY `notifications_notifiable_type_notifiable_id_index` (`notifiable_type`,`notifiable_id`);

--
-- Indexes for table `orders`
--
ALTER TABLE `orders`
  ADD PRIMARY KEY (`id`);

--
-- Indexes for table `pakets`
--
ALTER TABLE `pakets`
  ADD PRIMARY KEY (`id_paket`);

--
-- Indexes for table `users`
--
ALTER TABLE `users`
  ADD PRIMARY KEY (`id`),
  ADD UNIQUE KEY `users_email_unique` (`email`);

--
-- AUTO_INCREMENT for dumped tables
--

--
-- AUTO_INCREMENT for table `customers`
--
ALTER TABLE `customers`
  MODIFY `id_cust` bigint(20) UNSIGNED NOT NULL AUTO_INCREMENT, AUTO_INCREMENT=36;

--
-- AUTO_INCREMENT for table `korans`
--
ALTER TABLE `korans`
  MODIFY `id_koran` bigint(20) UNSIGNED NOT NULL AUTO_INCREMENT, AUTO_INCREMENT=14;

--
-- AUTO_INCREMENT for table `manage_korans`
--
ALTER TABLE `manage_korans`
  MODIFY `id` bigint(20) UNSIGNED NOT NULL AUTO_INCREMENT, AUTO_INCREMENT=661;

--
-- AUTO_INCREMENT for table `migrations`
--
ALTER TABLE `migrations`
  MODIFY `id` int(10) UNSIGNED NOT NULL AUTO_INCREMENT, AUTO_INCREMENT=12;

--
-- AUTO_INCREMENT for table `orders`
--
ALTER TABLE `orders`
  MODIFY `id` bigint(20) UNSIGNED NOT NULL AUTO_INCREMENT, AUTO_INCREMENT=98;

--
-- AUTO_INCREMENT for table `pakets`
--
ALTER TABLE `pakets`
  MODIFY `id_paket` bigint(20) UNSIGNED NOT NULL AUTO_INCREMENT, AUTO_INCREMENT=16;

--
-- AUTO_INCREMENT for table `users`
--
ALTER TABLE `users`
  MODIFY `id` bigint(20) UNSIGNED NOT NULL AUTO_INCREMENT, AUTO_INCREMENT=8;
COMMIT;

/*!40101 SET CHARACTER_SET_CLIENT=@OLD_CHARACTER_SET_CLIENT */;
/*!40101 SET CHARACTER_SET_RESULTS=@OLD_CHARACTER_SET_RESULTS */;
/*!40101 SET COLLATION_CONNECTION=@OLD_COLLATION_CONNECTION */;
